time,population,Conc
0,R,1e6
1,R,1.0094191077071233
2,R,1.0180065635781803
3,R,1.0257286887854102
4,R,1.0326510538161318
5,R,1.0388371858507366
6,R,1.0443477414107916
7,R,1.0492402644150463
8,R,1.053568946426595
9,R,1.0573845210235953
10,R,1.0607344583855953
11,R,1.0636619771937723
12,R,1.066209098808978
13,R,1.0684094209537336
14,R,1.0703010904205126
15,R,1.0719135148688494
16,R,1.0732738147291905
17,R,1.0744093708369382
18,R,1.0753434900180077
19,R,1.0760959078356052
20,R,1.0766882090929486
21,R,1.0771355298417775
22,R,1.0774540202035972
23,R,1.0776587643081939
24,R,1.0777607129986795
25,R,1.0777727908833932
26,R,1.0777042690482597
27,R,1.077564734087728
28,R,1.07736227998247
29,R,1.0771043089884969
30,R,1.0767974233950284
31,R,1.076447539128138
32,R,1.0760599478884534
33,R,1.0756393832445665
34,R,1.0751900760388695
35,R,1.0747158066490246
36,R,1.0742199509957953
37,R,1.0737055225066539
38,R,1.0731752096214526
39,R,1.072631409729228
40,R,1.0720762595464781
41,R,1.0715116624546817
42,R,1.0709393129874787
43,R,1.0703607188484643
44,R,1.0697772206259772
45,R,1.0691900093448539
46,R,1.0686001426441416
47,R,1.068008558537952
48,R,1.0674160884294634
49,R,1.066823468310716
50,R,1.0662313490185638
51,R,1.0656403052980281
52,R,1.0650508439711295
53,R,1.0644634112057825
54,R,1.063878399041171
55,R,1.0632961512063361
56,R,1.0627169683334088
57,R,1.0621411126100622
58,R,1.0615688119441622
59,R,1.0610002636815807
60,R,1.0604356379322217
61,R,1.0598750805394235
62,R,1.0593187157354704
63,R,1.0587666485139757
64,R,1.0582189667495248
65,R,1.0576757430674795
66,R,1.0571370365936328
67,R,1.0566028943925383
68,R,1.0560733528690975
69,R,1.0555484389443244
70,R,1.05502817114402
71,R,1.0545125605524004
72,R,1.0540016116730209
73,R,1.0534953231914002
74,R,1.0529936886593758
75,R,1.0524966971034364
76,R,1.0520043335690812
77,R,1.0515165796053279
78,R,1.0510334136976505
79,R,1.0505548116534653
80,R,1.0500807469462394
81,R,1.0496111910218655
82,R,1.0491461135719253
83,R,1.0486854827770486
84,R,1.0482292655236685
85,R,1.0477774275947505
86,R,1.0473299338468773
87,R,1.0468867483562172
88,R,1.0464478345590893
89,R,1.0460131553698824
90,R,1.045582673289234
91,R,1.04515635049843
92,R,1.044734148943854
93,R,1.044316030411343
94,R,1.0439019565922327
95,R,1.0434918891415772
96,R,1.0430857897296266
97,R,1.042683620087133
98,R,1.0422853420452605
99,R,1.0418909175706068
100,R,1.0415003087959136
101,R,1.0411134780469005
102,R,1.0407303878656706
103,R,1.0403510010310504
104,R,1.0399752805761948
105,R,1.0396031898035698
106,R,1.0392346922984268
107,R,1.0388697519393002
108,R,1.038508332907787
109,R,1.0381503996961612
110,R,1.0377959171139486
111,R,1.0374448502931635
112,R,1.037097164692544
113,R,1.0367528261008008
114,R,1.0364118006390535
115,R,1.0360740547625125
116,R,1.0357395552615107
117,R,1.0354082692619548
118,R,1.0350801642252658
119,R,1.0347552079478732
120,R,1.0344333685603113
121,R,1.0341146145259732
122,R,1.0337989146395565
123,R,1.0334862380252532
124,R,1.0331765541347038
125,R,1.0328698327447392
126,R,1.032566043955004
127,R,1.0322651581853466
128,R,1.0319671461731683
129,R,1.0316719789706055
130,R,1.031379627941656
131,R,1.031090064759217
132,R,1.0308032614020648
133,R,1.0305191901517867
134,R,1.0302378235896748
135,R,1.0299591345935848
136,R,1.029683096334786
137,R,1.0294096822747842
138,R,1.0291388661621472
139,R,1.0288706220293253
140,R,1.028604924189476
141,R,1.0283417472332939
142,R,1.02808106602586
143,R,1.0278228557034963
144,R,1.027567091670648
145,R,1.0273137495967786
146,R,1.0270628054132942
147,R,1.0268142353104857
148,R,1.026568015734506
149,R,1.0263241233843683
150,R,1.0260825352089717
151,R,1.0258432284041692
152,R,1.0256061804098457
153,R,1.025371368907053
154,R,1.0251387718151477
155,R,1.02490836728899
156,R,1.0246801337161526
157,R,1.0244540497141768
158,R,1.0242300941278528
159,R,1.0240082460265367
160,R,1.0237884847015022
161,R,1.0235707896633202
162,R,1.0233551406392754
163,R,1.023141517570814
164,R,1.022929900611024
165,R,1.0227202701221465
166,R,1.0225126066731223
167,R,1.0223068910371649
168,R,1.0221031041893707
169,R,1.021901227304356
170,R,1.021701241753927
171,R,1.021503129104779
172,R,1.0213068711162265
173,R,1.0211124497379624
174,R,1.020919847107849
175,R,1.0207290455497302
176,R,1.0205400275712866
177,R,1.0203527758619007
178,R,1.0201672732905682
179,R,1.0199835029038222
180,R,1.019801447923693
181,R,1.0196210917456914
182,R,1.0194424179368207
183,R,1.0192654102336098
184,R,1.0190900525401787
185,R,1.0189163289263246
186,R,1.0187442236256323
187,R,1.0185737210336165
188,R,1.0184048057058748
189,R,1.0182374623562802
190,R,1.018071675855185
191,R,1.017907431227655
192,R,1.0177447136517213
193,R,1.0175835084566596
194,R,1.0174238011212897
195,R,1.0172655772722925
196,R,1.0171088226825584
197,R,1.0169535232695455
198,R,1.0167996650936677
199,R,1.0166472343566992
200,R,1.0164962174001995
201,R,1.0163466007039574
202,R,1.0161983708844617
203,R,1.0160515146933777
204,R,1.0159060190160591
205,R,1.0157618708700638
206,R,1.015619057403701
207,R,1.015477565894585
208,R,1.015337383748218
209,R,1.0151984984965818
210,R,1.0150608977967526
211,R,1.0149245694295297
212,R,1.0147895012980839
213,R,1.0146556814266217
214,R,1.0145230979590634
215,R,1.014391739157743
216,R,1.0142615934021189
217,R,1.0141326491875036
218,R,1.0140048951238072
219,R,1.013878319934298
220,R,1.0137529124543765
221,R,1.0136286616303654
222,R,1.0135055565183155
223,R,1.0133835862828218
224,R,1.0132627401958605
225,R,1.0131430076356336
226,R,1.0130243780854318
227,R,1.0129068411325097
228,R,1.012790386466974
229,R,1.0126750038806864
230,R,1.012560683266178
231,R,1.0124474146155773
232,R,1.012335188019554
233,R,1.012223993666268
234,R,1.0121138218403398
235,R,1.0120046629218284
236,R,1.0118965073852173
237,R,1.0117893457984242
238,R,1.01168316882181
239,R,1.0115779672072056
240,R,1.0114737317969518
241,R,1.0113704535229453
242,R,1.0112681234056988
243,R,1.0111667325534146
244,R,1.0110662721610622
245,R,1.010966733509474
246,R,1.010868107964447
247,R,1.010770386975857
248,R,1.0106735620767802
249,R,1.0105776248826306
250,R,1.0104825670903008
251,R,1.0103883804773173
252,R,1.010295056901004
253,R,1.0102025882976537
254,R,1.0101109666817145
255,R,1.010020184144977
256,R,1.00993023285578
257,R,1.0098411050582181
258,R,1.0097527930713617
259,R,1.0096652892884863
260,R,1.0095785861763085
261,R,1.009492676274232
262,R,1.0094075521936017
263,R,1.009323206616968
264,R,1.009239632297355
265,R,1.0091568220575424
266,R,1.0090747687893515
267,R,1.008993465452941
268,R,1.0089129050761099
269,R,1.0088330807536097
270,R,1.0087539856464618
271,R,1.008675612981285
272,R,1.0085979560496288
273,R,1.0085210082073153
274,R,1.008444762873787
275,R,1.0083692135314648
276,R,1.0082943537251075
277,R,1.0082201770611856
278,R,1.0081466772072558
279,R,1.0080738478913467
280,R,1.0080016829013483
281,R,1.007930176084409
282,R,1.0078593213463427
283,R,1.0077891126510343
284,R,1.007719544019862
285,R,1.0076506095311173
286,R,1.0075823033194355
287,R,1.0075146195752334
288,R,1.0074475525441466
289,R,1.0073810965264853
290,R,1.0073152458766803
291,R,1.0072499950027491
292,R,1.0071853383657587
293,R,1.0071212704792971
294,R,1.0070577859089547
295,R,1.0069948792718004
296,R,1.0069325452358777
297,R,1.006870778519692
298,R,1.0068095738917169
299,R,1.0067489261698919
300,R,1.0066888302211385
301,R,1.006629280960873
302,R,1.0065702733525275
303,R,1.0065118024070747
304,R,1.006453863182561
305,R,1.0063964507836403
306,R,1.006339560361115
307,R,1.0062831871114828
308,R,1.006227326276485
309,R,1.0061719731426644
310,R,1.0061171230409223
311,R,1.0060627713460857
312,R,1.0060089134764736
313,R,1.0059555448934743
314,R,1.0059026611011188
315,R,1.005850257645669
316,R,1.0057983301151994
317,R,1.0057468741391913
318,R,1.0056958853881293
319,R,1.005645359573096
320,R,1.005595292445385
321,R,1.0055456797960982
322,R,1.0054965174557666
323,R,1.0054478012939625
324,R,1.0053995272189207
325,R,1.0053516911771632
326,R,1.005304289153125
327,R,1.0052573171687895
328,R,1.0052107712833218
329,R,1.0051646475927098
330,R,1.0051189422294045
331,R,1.005073651361971
332,R,1.0050287711947359
333,R,1.0049842979674437
334,R,1.0049402279549131
335,R,1.0048965574666968
336,R,1.0048532828467525
337,R,1.0048104004731009
338,R,1.0047679067575075
339,R,1.004725798145151
340,R,1.0046840711143035
341,R,1.004642722176013
342,R,1.004601747873786
343,R,1.004561144783278
344,R,1.0045209095119827
345,R,1.0044810386989271
346,R,1.0044415290143682
347,R,1.0044023771594965
348,R,1.0043635798661337
349,R,1.0043251338964463
350,R,1.0042870360426486
351,R,1.0042492831267193
352,R,1.004211872000116
353,R,1.0041747995434924
354,R,1.0041380626664198
355,R,1.0041016583071118
356,R,1.0040655834321501
357,R,1.0040298350362142
358,R,1.0039944101418128
359,R,1.0039593057990202
360,R,1.0039245190852122
361,R,1.0038900471048076
362,R,1.0038558869890084
363,R,1.0038220358955499
364,R,1.0037884910084418
365,R,1.0037552495377255
366,R,1.0037223087192206
367,R,1.0036896658142862
368,R,1.0036573181095731
369,R,1.0036252629167892
370,R,1.0035934975724556
371,R,1.003562019437679
372,R,1.0035308258979136
373,R,1.003499914362732
374,R,1.0034692822655975
375,R,1.0034389270636377
376,R,1.0034088462374218
377,R,1.0033790372907372
378,R,1.0033494977503725
379,R,1.0033202251658984
380,R,1.0032912171094543
381,R,1.0032624711755345
382,R,1.0032339849807772
383,R,1.0032057561637566
384,R,1.003177782384777
385,R,1.003150061325665
386,R,1.003122590689571
387,R,1.0030953682007662
388,R,1.0030683916044434
389,R,1.003041658666523
390,R,1.003015167173455
391,R,1.0029889149320286
392,R,1.0029628997691813
393,R,1.0029371195318058
394,R,1.0029115720865693
395,R,1.0028862553197224
396,R,1.0028611671369185
397,R,1.002836305463031
398,R,1.0028116682419725
399,R,1.0027872534365188
400,R,1.0027630590281305
401,R,1.0027390830167764
402,R,1.002715323420766
403,R,1.0026917782765714
404,R,1.0026684456386623
405,R,1.002645323579336
406,R,1.0026224101885493
407,R,1.0025997035737575
408,R,1.0025772018597472
409,R,1.0025549031884768
410,R,1.0025328057189151
411,R,1.0025109076268832
412,R,1.0024892071048985
413,R,1.0024677023620165
414,R,1.0024463916236792
415,R,1.0024252731315604
416,R,1.0024043451434175
417,R,1.0023836059329378
418,R,1.0023630537895933
419,R,1.0023426870184942
420,R,1.0023225039402397
421,R,1.0023025028907784
422,R,1.0022826822212643
423,R,1.0022630402979125
424,R,1.0022435755018644
425,R,1.0022242862290447
426,R,1.0022051708900281
427,R,1.0021862279098992
428,R,1.0021674557281213
429,R,1.0021488527984006
430,R,1.0021304175885564
431,R,1.0021121485803883
432,R,1.0020940442695478
433,R,1.0020761031654095
434,R,1.0020583237909446
435,R,1.002040704682593
436,R,1.0020232443901431
437,R,1.0020059414766023
438,R,1.0019887945180794
439,R,1.0019718021036619
440,R,1.0019549628352946
441,R,1.0019382753276629
442,R,1.001921738208074
443,R,1.0019053501163406
444,R,1.0018891097046643
445,R,1.001873015637523
446,R,1.001857066591557
447,R,1.0018412612554555
448,R,1.0018255983298459
449,R,1.0018100765271842
450,R,1.0017946945716478
451,R,1.0017794511990221
452,R,1.0017643451565985
453,R,1.0017493752030666
454,R,1.0017345401084088
455,R,1.0017198386537958
456,R,1.0017052696314852
457,R,1.0016908318447193
458,R,1.0016765241076204
459,R,1.0016623452450963
460,R,1.0016482940927358
461,R,1.0016343694967156
462,R,1.0016205703136967
463,R,1.0016068954107338
464,R,1.001593343665176
465,R,1.001579913964574
466,R,1.0015666052065861
467,R,1.001553416298883
468,R,1.0015403461590606
469,R,1.0015273937145444
470,R,1.0015145579025004
471,R,1.001501837669747
472,R,1.0014892319726652
473,R,1.0014767397771107
474,R,1.0014643600583282
475,R,1.0014520918008638
476,R,1.0014399339984803
477,R,1.0014278856540726
478,R,1.0014159457795848
479,R,1.0014041133959255
480,R,1.0013923875328858
481,R,1.0013807672290616
482,R,1.0013692515317671
483,R,1.0013578394969584
484,R,1.001346530189155
485,R,1.0013353226813595
486,R,1.0013242160549787
487,R,1.0013132093997528
488,R,1.00130230181367
489,R,1.0012914924028986
490,R,1.0012807802817096
491,R,1.0012701645724007
492,R,1.001259644405225
493,R,1.0012492189183195
494,R,1.0012388872576299
495,R,1.0012286485768396
496,R,1.0012185020373014
497,R,1.001208446807966
498,R,1.0011984820653121
499,R,1.0011886069932772
500,R,1.001178820783192
0,N,100
1,N,990667.6991924598
2,N,982310.8569430173
3,N,974915.5976364301
4,N,968380.250602107
5,N,962613.6866034911
6,N,957534.4114303251
7,N,953069.5009292368
8,N,949153.6997575522
9,N,945728.646690718
10,N,942742.0997795146
11,N,940147.2256258363
12,N,937902.1231450336
13,N,935969.3606696728
14,N,934315.4763271475
15,N,932910.5061356878
16,N,931727.6152298318
17,N,930742.7928093646
18,N,929934.5703674548
19,N,929283.7457694754
20,N,928773.1350338174
21,N,928387.3606499934
22,N,928112.6669372609
23,N,927936.7517790669
24,N,927848.6114040501
25,N,927838.4029509762
26,N,927897.3224061634
27,N,928017.4963473156
28,N,928191.8843912127
29,N,928414.191283175
30,N,928678.7882967961
31,N,928980.6432337307
32,N,929315.25788001
33,N,929678.611897409
34,N,930067.1125004467
35,N,930477.5494456537
36,N,930907.05481671
37,N,931353.0670491458
38,N,931813.298706004
39,N,932285.7076197966
40,N,932768.471073384
41,N,933259.96270649
42,N,933758.7318503606
43,N,934263.4850277912
44,N,934773.069393656
45,N,935286.4579171413
46,N,935802.7361234437
47,N,936321.0902287813
48,N,936840.7965210094
49,N,937361.2118556347
50,N,937881.7651510123
51,N,938401.9497778123
52,N,938921.3167483348
53,N,939439.4686214182
54,N,939956.0540479159
55,N,940470.7628896236
56,N,940983.3218514096
57,N,941493.4905725331
58,N,942001.0581288743
59,N,942505.8399029403
60,N,943007.6747830402
61,N,943506.4226570413
62,N,944001.9621697421
63,N,944494.1887161555
64,N,944983.0126459259
65,N,945468.3576567036
66,N,945950.1593566211
67,N,946428.3639780997
68,N,946902.9272270859
69,N,947373.8132534901
70,N,947840.9937300908
71,N,948304.4470285089
72,N,948764.1574820502
73,N,949220.114726288
74,N,949672.3131092156
75,N,950120.7511636594
76,N,950565.4311354085
77,N,951006.3585612038
78,N,951443.5418913483
79,N,951876.9921522468
80,N,952306.722644678
81,N,952732.7486740442
82,N,953155.0873092344
83,N,953573.757167095
84,N,953988.778219812
85,N,954400.1716228002
86,N,954807.9595609381
87,N,955212.1651112209
88,N,955612.8121201054
89,N,956009.9250939983
90,N,956403.5291015083
91,N,956793.6496862202
92,N,957180.3127888861
93,N,957563.5446780418
94,N,957943.371888159
95,N,958319.821164542
96,N,958692.9194142566
97,N,959062.6936624565
98,N,959429.1710135355
99,N,959792.3786166004
100,N,960152.343634805
101,N,960509.0932181387
102,N,960862.6544793057
103,N,961213.0544723665
104,N,961560.32017385
105,N,961904.4784660753
106,N,962245.5561224478
107,N,962583.579794522
108,N,962918.57600064
109,N,963250.571115984
110,N,963579.5913638851
111,N,963905.6628082605
112,N,964228.8113470562
113,N,964549.0627065868
114,N,964866.442436678
115,N,965180.9759065247
116,N,965492.6883011879
117,N,965801.604618662
118,N,966107.7496674487
119,N,966411.1480645862
120,N,966711.8242340796
121,N,967009.8024056925
122,N,967305.106614058
123,N,967597.7606980744
124,N,967887.7883005528
125,N,968175.2128680915
126,N,968460.0576511484
127,N,968742.3457042899
128,N,969022.0998865973
129,N,969299.3428622115
130,N,969574.097101
131,N,969846.3848793311
132,N,970116.228280943
133,N,970383.6491978982
134,N,970648.6693316082
135,N,970911.310193924
136,N,971171.5931082811
137,N,971429.5392108933
138,N,971685.1694519878
139,N,971938.5045970759
140,N,972189.5652282547
141,N,972438.3717455348
142,N,972684.9443681884
143,N,972929.3031361167
144,N,973171.4679112313
145,N,973411.4583788475
146,N,973649.2940490858
147,N,973884.9942582822
148,N,974118.5781703998
149,N,974350.064778447
150,N,974579.4729058932
151,N,974806.8212080867
152,N,975032.1281736693
153,N,975255.41212599
154,N,975476.6912245124
155,N,975695.9834662194
156,N,975913.3066870112
157,N,976128.678563098
158,N,976342.1166123851
159,N,976553.6381958518
160,N,976763.26051892
161,N,976971.0006328182
162,N,977176.8754359335
163,N,977380.9016751567
164,N,977583.0959472179
165,N,977783.4747000125
166,N,977982.054233917
167,N,978178.8507030971
168,N,978373.8801168032
169,N,978567.158340658
170,N,978758.7010979333
171,N,978948.5239708171
172,N,979136.6424016692
173,N,979323.0716942685
174,N,979507.8270150489
175,N,979690.923394325
176,N,979872.3757275078
177,N,980052.1987763103
178,N,980230.4071699427
179,N,980407.0154062973
180,N,980582.0378531236
181,N,980755.4887491929
182,N,980927.3822054534
183,N,981097.7322061744
184,N,981266.5526100815
185,N,981433.8571514812
186,N,981599.6594413762
187,N,981763.9729685702
188,N,981926.8111007639
189,N,982088.1870856403
190,N,982248.1140519417
191,N,982406.6050105355
192,N,982563.6728554724
193,N,982719.3303650337
194,N,982873.5902027703
195,N,983026.464918532
196,N,983177.9669494873
197,N,983328.1086211354
198,N,983476.9021483074
199,N,983624.3596361603
200,N,983770.4930811608
201,N,983915.3143720609
202,N,984058.8352908649
203,N,984201.0675137874
204,N,984342.0226122031
205,N,984481.7120535879
206,N,984620.1472024512
207,N,984757.3393212607
208,N,984893.2995713582
209,N,985028.0390138677
210,N,985161.568610595
211,N,985293.8992249189
212,N,985425.041622676
213,N,985555.006473035
214,N,985683.804349366
215,N,985811.4457300995
216,N,985937.9409995793
217,N,986063.3004489072
218,N,986187.5342767802
219,N,986310.6525903204
220,N,986432.6654058966
221,N,986553.5826499392
222,N,986673.4141597487
223,N,986792.1696842948
224,N,986909.8588850104
225,N,987026.4913365764
226,N,987142.0765277023
227,N,987256.6238618967
228,N,987370.1426582328
229,N,987482.642152107
230,N,987594.1314959895
231,N,987704.6197601691
232,N,987814.1159334916
233,N,987922.6289240904
234,N,988030.1675601115
235,N,988136.7405904316
236,N,988242.3566853706
237,N,988347.0244373954
238,N,988450.7523618209
239,N,988553.5488975007
240,N,988655.4224075157
241,N,988756.3811798526
242,N,988856.4334280798
243,N,988955.5872920143
244,N,989053.8508383847
245,N,989151.232061487
246,N,989247.738883836
247,N,989343.3791568079
248,N,989438.1606612812
249,N,989532.091108268
250,N,989625.1781395427
251,N,989717.4293282626
252,N,989808.8521795847
253,N,989899.454131276
254,N,989989.2425543187
255,N,990078.2247535099
256,N,990166.4079680556
257,N,990253.79937216
258,N,990340.4060756093
259,N,990426.2351243495
260,N,990511.2935010599
261,N,990595.5881257218
262,N,990679.1258561802
263,N,990761.9134887033
264,N,990843.9577585339
265,N,990925.2653404382
266,N,991005.8428492493
267,N,991085.6968404035
268,N,991164.833810476
269,N,991243.2601977075
270,N,991320.982382529
271,N,991398.0066880808
272,N,991474.3393807268
273,N,991549.9866705637
274,N,991624.9547119276
275,N,991699.2496038934
276,N,991772.8773907714
277,N,991845.8440625996
278,N,991918.15555563
279,N,991989.8177528125
280,N,992060.8364842727
281,N,992131.2175277871
282,N,992200.9666092522
283,N,992270.0894031511
284,N,992338.5915330148
285,N,992406.4785718797
286,N,992473.7560427411
287,N,992540.4294190025
288,N,992606.504124921
289,N,992671.9855360483
290,N,992736.878979668
291,N,992801.1897352297
292,N,992864.9230347777
293,N,992928.084063377
294,N,992990.6779595353
295,N,993052.7098156207
296,N,993114.1846782762
297,N,993175.10754883
298,N,993235.483383703
299,N,993295.3170948116
300,N,993354.6135499671
301,N,993413.377573272
302,N,993471.6139455128
303,N,993529.3274045481
304,N,993586.5226456949
305,N,993643.2043221103
306,N,993699.3770451697
307,N,993755.0453848424
308,N,993810.2138700634
309,N,993864.8869891014
310,N,993919.0691899245
311,N,993972.7648805617
312,N,994025.9784294616
313,N,994078.7141658479
314,N,994130.9763800717
315,N,994182.7693239602
316,N,994234.0972111628
317,N,994284.964217494
318,N,994335.3744812728
319,N,994385.3321036599
320,N,994434.841148991
321,N,994483.9056451075
322,N,994532.5295836839
323,N,994580.7169205531
324,N,994628.4715760283
325,N,994675.7974352209
326,N,994722.698348358
327,N,994769.1781310944
328,N,994815.2405648238
329,N,994860.8893969862
330,N,994906.1283413728
331,N,994950.9610784278
332,N,994995.3912555487
333,N,995039.4224873817
334,N,995083.0583561175
335,N,995126.3024117807
336,N,995169.1581725206
337,N,995211.629124896
338,N,995253.7187241595
339,N,995295.4303945386
340,N,995336.7675295136
341,N,995377.7334920949
342,N,995418.3316150958
343,N,995458.5652014036
344,N,995498.4375242481
345,N,995537.951827469
346,N,995577.1113257786
347,N,995615.919205024
348,N,995654.378622446
349,N,995692.492706936
350,N,995730.2645592908
351,N,995767.6972524647
352,N,995804.7938318191
353,N,995841.5573153711
354,N,995877.9906940383
355,N,995914.0969318824
356,N,995949.8789663503
357,N,995985.3397085137
358,N,996020.4820433042
359,N,996055.3088297503
360,N,996089.8229012082
361,N,996124.0270655932
362,N,996157.9241056077
363,N,996191.5167789679
364,N,996224.8078186285
365,N,996257.7999330037
366,N,996290.4958061893
367,N,996322.8980981793
368,N,996355.0094450843
369,N,996386.8324593438
370,N,996418.3697299405
371,N,996449.6238226104
372,N,996480.5972800503
373,N,996511.2926221268
374,N,996541.7123460798
375,N,996571.858926726
376,N,996601.7348166608
377,N,996631.3424464571
378,N,996660.6842248631
379,N,996689.7625389989
380,N,996718.5797545498
381,N,996747.1382159597
382,N,996775.4402466211
383,N,996803.488149065
384,N,996831.2842051464
385,N,996858.8306762325
386,N,996886.1298033844
387,N,996913.1838075412
388,N,996939.9948896989
389,N,996966.5652310912
390,N,996992.8969933657
391,N,997018.9923187606
392,N,997044.8533302784
393,N,997070.4821318588
394,N,997095.88080855
395,N,997121.0514266784
396,N,997145.9960340163
397,N,997170.7166599486
398,N,997195.2153156385
399,N,997219.4939941902
400,N,997243.554670812
401,N,997267.3993029761
402,N,997291.0298305784
403,N,997314.4481760962
404,N,997337.6562447444
405,N,997360.6559246312
406,N,997383.4490869106
407,N,997406.0375859352
408,N,997428.4232594079
409,N,997450.6079285296
410,N,997472.5933981491
411,N,997494.3814569089
412,N,997515.9738773908
413,N,997537.3724162608
414,N,997558.578814411
415,N,997579.5947971019
416,N,997600.422074103
417,N,997621.0623398311
418,N,997641.5172734889
419,N,997661.788539201
420,N,997681.8777861497
421,N,997701.7866487092
422,N,997721.516746578
423,N,997741.0696849115
424,N,997760.4470544518
425,N,997779.6504316578
426,N,997798.681378833
427,N,997817.5414442528
428,N,997836.2321622903
429,N,997854.7550535412
430,N,997873.1116249476
431,N,997891.3033699209
432,N,997909.3317684623
433,N,997927.1982872844
434,N,997944.9043799293
435,N,997962.4514868883
436,N,997979.8410357179
437,N,997997.0744411561
438,N,998014.1531052383
439,N,998031.0784174106
440,N,998047.8517546428
441,N,998064.4744815411
442,N,998080.9479504584
443,N,998097.2735016049
444,N,998113.4524631564
445,N,998129.4861513631
446,N,998145.3758706563
447,N,998161.1229137549
448,N,998176.72856177
449,N,998192.1940843093
450,N,998207.5207395806
451,N,998222.7097744945
452,N,998237.7624247647
453,N,998252.6799150098
454,N,998267.4634588519
455,N,998282.1142590161
456,N,998296.633507428
457,N,998311.0223853107
458,N,998325.2820632809
459,N,998339.4137014443
460,N,998353.4184494895
461,N,998367.2974467822
462,N,998381.0518224575
463,N,998394.6826955115
464,N,998408.1911748933
465,N,998421.5783595939
466,N,998434.8453387369
467,N,998447.993191666
468,N,998461.0229880334
469,N,998473.935787887
470,N,998486.7326417562
471,N,998499.4145907375
472,N,998511.9826665795
473,N,998524.4378917662
474,N,998536.7812796007
475,N,998549.0138342874
476,N,998561.1365510141
477,N,998573.1504160325
478,N,998585.0564067384
479,N,998596.8554917515
480,N,998608.5486309944
481,N,998620.1367757701
482,N,998631.62086884
483,N,998643.0018445
484,N,998654.2806286569
485,N,998665.4581389036
486,N,998676.535284594
487,N,998687.5129669168
488,N,998698.3920789681
489,N,998709.1735058258
490,N,998719.8581246198
491,N,998730.4468046046
492,N,998740.940407229
493,N,998751.3397862072
494,N,998761.6457875874
495,N,998771.8592498215
496,N,998781.9810038323
497,N,998792.0118730817
498,N,998801.9526736379
499,N,998811.8042142413
500,N,998821.5672963704
0,S,1
1,S,9903.241352326606
2,S,19619.374833214933
3,S,29160.471786530816
4,S,38537.31718656115
5,S,47759.64570258849
6,S,56836.23147908627
7,S,65774.99364894454
8,S,74583.08564367666
9,S,83266.9719667764
10,S,91832.50498596142
11,S,100284.99537437626
12,S,108629.25931934777
13,S,116869.66441437398
14,S,125010.17919193314
15,S,133054.41991357613
16,S,141005.68714131566
17,S,148866.99599696798
18,S,156641.1041174698
19,S,164330.53903109135
20,S,171937.62278935843
21,S,179464.49298099216
22,S,186913.1210657817
23,S,194285.32908748285
24,S,201582.80509458916
25,S,208807.1167986045
26,S,215959.72371059988
27,S,223041.9879091086
28,S,230055.18374820935
29,S,237000.5066101444
30,S,243879.08073561147
31,S,250691.9662019372
32,S,257440.16516242092
33,S,264124.6274480164
34,S,270746.25559566775
35,S,277305.9093501701
36,S,283804.4096906968
37,S,290242.54243708873
38,S,296621.06148429814
39,S,302940.6917030835
40,S,309202.1315393768
41,S,315406.0553433504
42,S,321553.1154576484
43,S,327643.94409080886
44,S,333679.154998148
45,S,339659.344989796
46,S,345585.0952839366
47,S,351456.9727217043
48,S,357275.5308583737
49,S,363041.3109437356
50,S,368754.8428031735
51,S,374416.6456298316
52,S,380027.22869722935
53,S,385587.0920006686
54,S,391096.72683486587
55,S,396556.61631446047
56,S,401967.2358433664
57,S,407329.0535383209
58,S,412642.5306114134
59,S,417908.12171586935
60,S,423126.2752589148
61,S,428297.4336851501
62,S,433422.0337335023
63,S,438500.50667050196
64,S,443533.2785023415
65,S,448520.770167914
66,S,453463.39771480096
67,S,458361.57245997206
68,S,463215.70113677403
69,S,468026.1860296207
70,S,472793.42509764753
71,S,477517.81208846235
72,S,482199.7366430047
73,S,486839.5843924206
74,S,491437.7370477648
75,S,495994.57248325576
76,S,500510.4648137352
77,S,504985.7844669139
78,S,509420.8982509251
79,S,513816.16941765335
80,S,518171.9577222555
81,S,522488.6194792491
82,S,526766.5076155037
83,S,531005.9717204346
84,S,535207.3580936686
85,S,539371.0097904224
86,S,543497.2666648099
87,S,547586.4654112712
88,S,551638.9396042967
89,S,555655.0197366028
90,S,559635.0332558964
91,S,563579.3046003545
92,S,567488.15523293
93,S,571361.9036745852
94,S,575200.8655365409
95,S,579005.3535516239
96,S,582775.6776047854
97,S,586512.1447628525
98,S,590215.059303575
99,S,593884.7227440175
100,S,597521.4338683463
101,S,601125.4887550486
102,S,604697.1808036298
103,S,608236.800760815
104,S,611744.636746292
105,S,615220.9742780208
106,S,618666.0962971343
107,S,622080.283192454
108,S,625463.8128246415
109,S,628816.960550002
110,S,632139.9992439605
111,S,635433.1993242204
112,S,638696.8287736244
113,S,641931.1531627243
114,S,645136.4356720761
115,S,648312.9371142663
116,S,651460.9159556822
117,S,654580.6283380332
118,S,657672.3280996304
119,S,660736.2667964333
120,S,663772.6937228688
121,S,666781.8559324294
122,S,669763.9982580555
123,S,672719.3633323075
124,S,675648.191607332
125,S,678550.7213746272
126,S,681427.188784611
127,S,684277.8278659955
128,S,687102.8705449726
129,S,689902.5466642121
130,S,692677.0840016778
131,S,695426.7082892625
132,S,698151.6432312459
133,S,700852.1105225786
134,S,703528.3298669914
135,S,706180.5189949379
136,S,708808.8936813672
137,S,711413.6677633323
138,S,713995.0531574342
139,S,716553.2598771071
140,S,719088.4960497408
141,S,721600.9679336483
142,S,724090.8799348768
143,S,726558.4346238646
144,S,729003.8327519464
145,S,731427.2732677072
146,S,733828.9533331876
147,S,736209.0683399425
148,S,738567.8119249516
149,S,740905.3759863887
150,S,743221.9506992452
151,S,745517.7245308139
152,S,747792.8842560312
153,S,750047.6149726828
154,S,752282.1001164691
155,S,754496.5214759365
156,S,756691.0592072741
157,S,758865.8918489752
158,S,761021.1963363683
159,S,763157.1480160165
160,S,765273.9206599861
161,S,767371.6864799894
162,S,769450.6161413969
163,S,771510.8787771257
164,S,773552.6420014017
165,S,775576.071923399
166,S,777581.3331607545
167,S,779568.5888529647
168,S,781538.0006746575
169,S,783489.7288487481
170,S,785423.9321594753
171,S,787340.76796532
172,S,789240.3922118098
173,S,791122.9594442052
174,S,792988.622820075
175,S,794837.5341217566
176,S,796669.8437687054
177,S,798485.7008297332
178,S,800285.2530351351
179,S,802068.6467887104
180,S,803836.0271796725
181,S,805587.537994454
182,S,807323.3217284041
183,S,809043.5195973825
184,S,810748.2715492479
185,S,812437.7162752443
186,S,814111.9912212836
187,S,815771.2325991289
188,S,817415.5753974757
189,S,819045.1533929345
190,S,820660.0991609136
191,S,822260.5440864062
192,S,823846.6183746789
193,S,825418.4510618642
194,S,826976.1700254591
195,S,828519.9019947288
196,S,830049.7725610164
197,S,831565.9061879606
198,S,833068.4262216224
199,S,834557.4549005189
200,S,836033.1133655689
201,S,837495.521669948
202,S,838944.7987888564
203,S,840381.062629197
204,S,841804.430039169
205,S,843215.0168177738
206,S,844612.9377242355
207,S,845998.3064873378
208,S,847371.2358146765
209,S,848731.837401828
210,S,850080.2219414382
211,S,851416.4991322256
212,S,852740.7776879084
213,S,854053.1653460471
214,S,855353.7688768103
215,S,856642.6940916613
216,S,857920.045851966
217,S,859185.9280775244
218,S,860440.4437550245
219,S,861683.6949464214
220,S,862915.7827972405
221,S,864136.8075448062
222,S,865346.8685263966
223,S,866546.0641873254
224,S,867734.4920889509
225,S,868912.2489166134
226,S,870079.4304875004
227,S,871236.131758443
228,S,872382.4468336399
229,S,873518.4689723145
230,S,874644.290596301
231,S,875760.0032975643
232,S,876865.6978456511
233,S,877961.4641950746
234,S,879047.391492633
235,S,880123.5680846615
236,S,881190.0815242205
237,S,882247.018578218
238,S,883294.4652344689
239,S,884332.5067086907
240,S,885361.2274514359
241,S,886380.7111549624
242,S,887391.0407600433
243,S,888392.2984627137
244,S,889384.5657209577
245,S,890367.9232613363
246,S,891342.4510855542
247,S,892308.2284769687
248,S,893265.3340070401
249,S,894213.8455417237
250,S,895153.8402478041
251,S,896085.394599174
252,S,897008.5843830557
253,S,897923.4847061661
254,S,898830.1700008276
255,S,899728.7140310241
256,S,900619.1898984008
257,S,901501.6700482123
258,S,902376.2262752166
259,S,903242.9297295156
260,S,904101.8509223433
261,S,904953.0597318035
262,S,905796.6254085529
263,S,906632.616581437
264,S,907461.1012630719
265,S,908282.1468553784
266,S,909095.8201550653
267,S,909902.1873590634
268,S,910701.3140699116
269,S,911493.265301093
270,S,912278.1054823258
271,S,913055.8984648031
272,S,913826.707526389
273,S,914590.595376766
274,S,915347.6241625368
275,S,916097.8554722803
276,S,916841.3503415623
277,S,917578.169257901
278,S,918308.3721656882
279,S,919032.0184710657
280,S,919749.1670467585
281,S,920459.8762368648
282,S,921164.2038616022
283,S,921862.2072220115
284,S,922553.9431046195
285,S,923239.4677860574
286,S,923918.8370376405
287,S,924592.1061299047
288,S,925259.329837104
289,S,925920.5624416653
290,S,926575.8577386059
291,S,927225.2690399092
292,S,927868.8491788625
293,S,928506.6505143549
294,S,929138.7249351372
295,S,929765.1238640429
296,S,930385.8982621726
297,S,931001.098633039
298,S,931610.7750266768
299,S,932214.9770437129
300,S,932813.7538394034
301,S,933407.1541276318
302,S,933995.2261848721
303,S,934578.0178541167
304,S,935155.5765487682
305,S,935727.9492564976
306,S,936295.1825430661
307,S,936857.3225561139
308,S,937414.4150289148
309,S,937966.5052840966
310,S,938513.6382373278
311,S,939055.8584009733
312,S,939593.2098877138
313,S,940125.7364141361
314,S,940653.4813042891
315,S,941176.4874932084
316,S,941694.7975304094
317,S,942208.453583349
318,S,942717.4974408563
319,S,943221.9705165317
320,S,943721.9138521173
321,S,944217.3681208345
322,S,944708.3736306942
323,S,945194.9703277755
324,S,945677.1977994753
325,S,946155.0952777293
326,S,946628.7016422043
327,S,947098.0554234601
328,S,947563.1948060849
329,S,948024.1576318016
330,S,948480.981402547
331,S,948933.7032835218
332,S,949382.3601062152
333,S,949826.9883714005
334,S,950267.6242521052
335,S,950704.3035965537
336,S,951137.0619310838
337,S,951565.9344630367
338,S,951990.9560836222
339,S,952412.1613707558
340,S,952829.5845918732
341,S,953243.2597067178
342,S,953653.2203701026
343,S,954059.4999346494
344,S,954462.1314535019
345,S,954861.1476830144
346,S,955256.5810854167
347,S,955648.463831456
348,S,956036.827803013
349,S,956421.7045956961
350,S,956803.1255214122
351,S,957181.1216109139
352,S,957555.7236163237
353,S,957926.9620136361
354,S,958294.8670051976
355,S,958659.4685221626
356,S,959020.7962269296
357,S,959378.8795155537
358,S,959733.7475201384
359,S,960085.4291112055
360,S,960433.9529000444
361,S,960779.3472410389
362,S,961121.6402339751
363,S,961460.8597263264
364,S,961797.0333155197
365,S,962130.1883511802
366,S,962460.3519373571
367,S,962787.5509347279
368,S,963111.8119627842
369,S,963433.1614019969
370,S,963751.6253959631
371,S,964067.229853532
372,S,964380.0004509141
373,S,964689.9626337686
374,S,964997.1416192745
375,S,965301.562398182
376,S,965603.2497368455
377,S,965902.2281792389
378,S,966198.5220489514
379,S,966492.1554511675
380,S,966783.1522746275
381,S,967071.5361935708
382,S,967357.3306696629
383,S,967640.5589539027
384,S,967921.2440885153
385,S,968199.4089088262
386,S,968475.0760451186
387,S,968748.2679244755
388,S,969019.0067726035
389,S,969287.3146156411
390,S,969553.213281951
391,S,969816.7244038957
392,S,970077.8694195972
393,S,970336.6695746817
394,S,970593.1459240073
395,S,970847.3193333779
396,S,971099.2104812395
397,S,971348.8398603639
398,S,971596.2277795146
399,S,971841.3943651002
400,S,972084.3595628106
401,S,972325.1431392409
402,S,972563.7646834988
403,S,972800.2436087981
404,S,973034.599154039
405,S,973266.8503853723
406,S,973497.0161977508
407,S,973725.115316467
408,S,973951.1662986762
409,S,974175.1875349059
410,S,974397.1972505524
411,S,974617.2135073633
412,S,974835.2542049077
413,S,975051.3370820307
414,S,975265.4797182984
415,S,975477.6995354269
416,S,975688.0137987003
417,S,975896.4396183752
418,S,976102.9939510722
419,S,976307.6936011564
420,S,976510.5552221033
421,S,976711.5953178549
422,S,976910.8302441617
423,S,977108.276209913
424,S,977303.9492784566
425,S,977497.8653689049
426,S,977690.0402574299
427,S,977880.4895785473
428,S,978069.2288263879
429,S,978256.2733559585
430,S,978441.6383843909
431,S,978625.3389921801
432,S,978807.3901244107
433,S,978987.8065919738
434,S,979166.6030727703
435,S,979343.7941129068
436,S,979519.3941278779
437,S,979693.4174037395
438,S,979865.8780982705
439,S,980036.7902421252
440,S,980206.1677399745
441,S,980374.024371637
442,S,980540.3737932005
443,S,980705.2295381327
444,S,980868.6050183817
445,S,981030.5135254684
446,S,981190.9682315667
447,S,981349.9821905759
448,S,981507.5683391822
449,S,981663.739497911
450,S,981818.5083721705
451,S,981971.8875532855
452,S,982123.8895195209
453,S,982274.5266370975
454,S,982423.8111611978
455,S,982571.7552369637
456,S,982718.3709004835
457,S,982863.6700797715
458,S,983007.6645957392
459,S,983150.3661631559
460,S,983291.7863916024
461,S,983431.936786415
462,S,983570.8287496222
463,S,983708.4735808718
464,S,983844.8824783505
465,S,983980.0665396947
466,S,984114.0367628932
467,S,984246.8040471826
468,S,984378.3791939331
469,S,984508.7729075286
470,S,984637.9957962357
471,S,984766.0583730687
472,S,984892.9710566431
473,S,985018.7441720247
474,S,985143.3879515688
475,S,985266.9125357526
476,S,985389.327974001
477,S,985510.6442255029
478,S,985630.8711600223
479,S,985750.0185587016
480,S,985868.0961148563
481,S,985985.1134347646
482,S,986101.0800384476
483,S,986216.0053604458
484,S,986329.898750585
485,S,986442.7694747375
486,S,986554.6267155759
487,S,986665.4795733201
488,S,986775.3370664782
489,S,986884.2081325793
490,S,986992.1016289012
491,S,987099.0263331911
492,S,987204.9909443791
493,S,987310.0040832863
494,S,987414.0742933267
495,S,987517.2100412009
496,S,987619.4197175865
497,S,987720.7116378192
498,S,987821.0940425706
499,S,987920.5750985176
500,S,988019.1628990078
